question_id,answer
Q01,"Earned Leave (EL) is added to your balance on a monthly basis as follows:

| Status | Monthly accrual rate | Eligibility note |
|--------|----------------------|------------------|
| **After you’ve completed 1 year of continuous service** | **1.25 days per month** | You must have worked at least 240 days in that year to qualify for the initial 15‑day balance, after which the 1.25‑day/month rate applies. |
| **During probation** | **0.5 days per month** | These days accrue while you’re on probation and become usable only once you’re confirmed. |

So, once you’re fully eligible (post‑probation, one year of service), you earn **1.25 days of EL each month**. If you’re still on probation, you earn **0.5 days per month** until confirmation."
Q02,"According to the policy details provided, there is no stated limit on carrying earned leave (EL) into the next financial year. The rule that prevents carry‑forward applies only to Casual Leave and Sick Leave. Therefore, you can carry forward your earned leave balance into the next year, subject to any additional company‑specific rules that may not be included in the excerpt you shared."
Q03,"You are entitled to **26 weeks of paid maternity leave** for each of your first two live births.  
For a third child, the entitlement reduces to **12 weeks**.  

Additionally, you may take up to **8 weeks of pre‑natal leave** before the expected delivery date."
Q04,"Yes.  
According to the policy, if your sick leave is **more than 2 consecutive days**, you must provide a Medical Certificate from a registered medical practitioner. The certificate must be submitted within 3 working days after you return to work. For 2 or fewer consecutive days of sick leave, a medical certificate is not required."
Q05,"Your salary is credited to your registered bank account by the **7th of the following month**. If there are any changes to this payment date, the Payroll team will inform you in advance."
Q06,The salary range for an **L4 Senior** employee is **Rs. 16.0 L to Rs. 26.0 L per annum**.
Q07,"The company provides a **Group Medical Insurance** that covers you, your spouse, and up to two dependent children for **up to ₹5,00,000 per year**. All premiums for this coverage are fully paid by the company."
Q08,You will be placed on a Performance Improvement Plan (PIP) if you receive a rating of **1 (Does Not Meet Expectations) or 2 (Partially Meets Expectations) in two consecutive review cycles**.
Q09,"The Annual Performance Review (APR) is conducted once a year, scheduled for **March** each year."
Q10,"**Answer:**

- If you are a **permanent employee at grade L3 or higher**, you are automatically eligible to work from home (WFH) under the company policy.

- If you are at **grade L1 or L2**, **on probation**, or **deployed at a client site**, you are **not** eligible for WFH unless you receive **written approval from the HR Director on a case‑by‑case basis**.

So, check your current grade and employment status. If you’re L3+ and permanent, you can work from home. If you’re below that, you’ll need HR approval to do so."
Q11,"**Answer**

According to Zyro Dynamics’ “GIFTS AND HOSPITALITY” policy:

| Gift | Can you accept it? | What to do |
|------|--------------------|------------|
| **Gift under Rs. 1,000** | **Yes** | Declare it to your reporting manager. |
| **Gift over Rs. 1,000** | **No** | Politely decline or surrender it to HR. |
| **Cash from any party** | **Never** | Immediate disciplinary action – you cannot accept cash. |

So you may accept a client or vendor gift only if its value is **below Rs. 1,000** and you must inform your manager. Gifts above that amount must be declined or handed over to HR."
Q12,"I'm an HR assistant and can only help with questions about company HR policies (leave,reimbursement,code of conduct,etc.).I don't have information to answer that question."
Q13,"**How to raise a POSH complaint**

1. **Submit a written complaint**  
   * Send a written complaint to the Internal Complaints Committee (ICC) by email or sealed letter.  
   * Do this **within 3 months** of the incident (or the last incident in a series).

2. **ICC acknowledgement**  
   * The ICC will acknowledge receipt and forward a copy to the respondent **within 7 working days**.

3. **Respondent’s reply**  
   * The respondent will be given **10 working days** to submit a written response.

4. **ICC inquiry**  
   * The ICC will conduct an inquiry, holding hearings for both parties and witnesses. (This follows the respondent’s reply.)

**Timeline summary**

| Step | Action | Timeframe |
|------|--------|-----------|
| 1 | Aggrieved person files complaint | ≤ 3 months from incident |
| 2 | ICC acknowledges & forwards to respondent | Within 7 working days |
| 3 | Respondent submits written response | Within 10 working days |
| 4 | ICC conducts inquiry | After step 3 |

*If you need more time, the ICC may extend the 3‑month filing period by an additional 3 months upon a"
Q14,"The notice period you need to serve when resigning depends on your current grade level. Below is the notice period schedule that applies:

| Grade | Notice Period | Notice Period Buyout |
|-------|---------------|----------------------|
| L1 to L3 | 30 days | Not available |
| L4 to L6 | 60 days | Available at the Company’s discretion |
| L7 to L9 | 90 days | Available at the Company’s discretion |
| L10 (C‑Suite) | 90 days | As per individual employment contract |

**How to submit your notice**

1. **Written notice** must be given to both your reporting manager and HR.  
2. Submit the notice through the **ZyroHR portal**.  
3. HR will confirm receipt of your notice in writing.

If you let us know your grade, we can confirm the exact notice period you are required to serve."
Q15,"For international travel, the hotel per‑night rate and daily allowance are set by employee grade (in USD).  
| Grade | Hotel per Night (USD) | Daily Allowance (USD) |
|-------|-----------------------|-----------------------|
| L3‑L4 | 120 | 60 |
| L5‑L6 | 180 | 90 |
| L7‑L8 | 220 | 120 |
| L9‑L10 | 350 | 200 |

Please refer to the table above and use the figures that correspond to your grade."
Q16,"I'm an HR assistant and can only help with questions about company HR policies (leave,reimbursement,code of conduct,etc.).I don't have information to answer that question."
Q17,"Your ESOP follows a **4‑year vesting schedule with a 1‑year cliff**.  
That means you’ll receive 25 % of your options after the first year, and the remaining 75 % will vest in equal portions over the next three years. This schedule applies to employees at grade **L5 and above**."
Q18,"I'm an HR assistant and can only help with questions about company HR policies (leave,reimbursement,code of conduct,etc.).I don't have information to answer that question."
Q19,"I'm an HR assistant and can only help with questions about company HR policies (leave,reimbursement,code of conduct,etc.).I don't have information to answer that question."
Q20,"I’m sorry, but I only have information about Zyro Dynamics’ leave policy. I don’t have any details about Zoho’s leave policy."
